id,name,model_id:id,group_id:id,perm_read,perm_write,perm_create,perm_unlink
access_bbbbee_supplier_profile_user,bbbbee.supplier.profile.user,model_bbbbee_supplier_profile,bbbbee_procurement.group_bbbbee_user,1,0,0,0
access_bbbbee_supplier_profile_officer,bbbbee.supplier.profile.officer,model_bbbbee_supplier_profile,bbbbee_procurement.group_bbbbee_compliance_officer,1,1,1,0
access_bbbbee_supplier_certificate_user,bbbbee.supplier.certificate.user,model_bbbbee_supplier_certificate,bbbbee_procurement.group_bbbbee_user,1,0,0,0
access_bbbbee_supplier_certificate_officer,bbbbee.supplier.certificate.officer,model_bbbbee_supplier_certificate,bbbbee_procurement.group_bbbbee_compliance_officer,1,1,1,0
access_bbbbee_measurement_period_user,bbbbee.measurement.period.user,model_bbbbee_measurement_period,bbbbee_procurement.group_bbbbee_user,1,0,0,0
access_bbbbee_measurement_period_admin,bbbbee.measurement.period.admin,model_bbbbee_measurement_period,bbbbee_procurement.group_bbbbee_administrator,1,1,1,1
access_bbbbee_spend_batch_user,bbbbee.spend.batch.user,model_bbbbee_spend_batch,bbbbee_procurement.group_bbbbee_user,1,0,0,0
access_bbbbee_spend_batch_finance,bbbbee.spend.batch.finance,model_bbbbee_spend_batch,bbbbee_procurement.group_bbbbee_finance_user,1,1,1,0
access_bbbbee_spend_line_user,bbbbee.spend.line.user,model_bbbbee_spend_line,bbbbee_procurement.group_bbbbee_user,1,0,0,0
access_bbbbee_spend_line_finance,bbbbee.spend.line.finance,model_bbbbee_spend_line,bbbbee_procurement.group_bbbbee_finance_user,1,1,1,0
access_bbbbee_scorecard_rule_set_user,bbbbee.scorecard.rule.set.user,model_bbbbee_scorecard_rule_set,bbbbee_procurement.group_bbbbee_user,1,0,0,0
access_bbbbee_scorecard_rule_set_admin,bbbbee.scorecard.rule.set.admin,model_bbbbee_scorecard_rule_set,bbbbee_procurement.group_bbbbee_administrator,1,1,1,1
access_bbbbee_scorecard_indicator_admin,bbbbee.scorecard.indicator.admin,model_bbbbee_scorecard_indicator,bbbbee_procurement.group_bbbbee_administrator,1,1,1,1
access_bbbbee_scorecard_assessment_user,bbbbee.scorecard.assessment.user,model_bbbbee_scorecard_assessment,bbbbee_procurement.group_bbbbee_user,1,0,0,0
access_bbbbee_scorecard_assessment_manager,bbbbee.scorecard.assessment.manager,model_bbbbee_scorecard_assessment,bbbbee_procurement.group_bbbbee_manager,1,1,1,0
access_bbbbee_evidence_pack_user,bbbbee.evidence.pack.user,model_bbbbee_evidence_pack,bbbbee_procurement.group_bbbbee_user,1,0,0,0
access_bbbbee_evidence_pack_manager,bbbbee.evidence.pack.manager,model_bbbbee_evidence_pack,bbbbee_procurement.group_bbbbee_manager,1,1,1,0
access_bbbbee_evidence_item_user,bbbbee.evidence.item.user,model_bbbbee_evidence_item,bbbbee_procurement.group_bbbbee_user,1,0,0,0
access_bbbbee_evidence_item_manager,bbbbee.evidence.item.manager,model_bbbbee_evidence_item,bbbbee_procurement.group_bbbbee_manager,1,1,1,0
access_bbbbee_procurement_recommendation_user,bbbbee.procurement.recommendation.user,model_bbbbee_procurement_recommendation,bbbbee_procurement.group_bbbbee_user,1,1,1,0
access_bbbbee_import_spend_wizard,bbbbee.import.spend.wizard,model_bbbbee_import_spend_wizard,bbbbee_procurement.group_bbbbee_finance_user,1,1,1,1
access_bbbbee_generate_evidence_pack_wizard,bbbbee.generate.evidence.pack.wizard,model_bbbbee_generate_evidence_pack_wizard,bbbbee_procurement.group_bbbbee_manager,1,1,1,1
access_bbbbee_recalculate_scorecard_wizard,bbbbee.recalculate.scorecard.wizard,model_bbbbee_recalculate_scorecard_wizard,bbbbee_procurement.group_bbbbee_manager,1,1,1,1
access_bbbbee_onboarding_wizard,bbbbee.onboarding.wizard,model_bbbbee_onboarding_wizard,bbbbee_procurement.group_bbbbee_user,1,1,1,1
access_bbbbee_documentation_wizard,bbbbee.documentation.wizard,model_bbbbee_documentation_wizard,bbbbee_procurement.group_bbbbee_user,1,1,1,1
access_bbbbee_dashboard_wizard,bbbbee.dashboard.wizard,model_bbbbee_dashboard_wizard,bbbbee_procurement.group_bbbbee_user,1,1,1,1
access_bbbbee_supplier_profile_base,bbbbee.supplier.profile.base,model_bbbbee_supplier_profile,base.group_user,1,1,1,1
access_bbbbee_supplier_certificate_base,bbbbee.supplier.certificate.base,model_bbbbee_supplier_certificate,base.group_user,1,1,1,1
access_bbbbee_measurement_period_base,bbbbee.measurement.period.base,model_bbbbee_measurement_period,base.group_user,1,1,1,1
access_bbbbee_spend_batch_base,bbbbee.spend.batch.base,model_bbbbee_spend_batch,base.group_user,1,1,1,1
access_bbbbee_spend_line_base,bbbbee.spend.line.base,model_bbbbee_spend_line,base.group_user,1,1,1,1
access_bbbbee_scorecard_rule_set_base,bbbbee.scorecard.rule.set.base,model_bbbbee_scorecard_rule_set,base.group_user,1,1,1,1
access_bbbbee_scorecard_indicator_base,bbbbee.scorecard.indicator.base,model_bbbbee_scorecard_indicator,base.group_user,1,1,1,1
access_bbbbee_scorecard_assessment_base,bbbbee.scorecard.assessment.base,model_bbbbee_scorecard_assessment,base.group_user,1,1,1,1
access_bbbbee_evidence_pack_base,bbbbee.evidence.pack.base,model_bbbbee_evidence_pack,base.group_user,1,1,1,1
access_bbbbee_evidence_item_base,bbbbee.evidence.item.base,model_bbbbee_evidence_item,base.group_user,1,1,1,1
access_bbbbee_procurement_recommendation_base,bbbbee.procurement.recommendation.base,model_bbbbee_procurement_recommendation,base.group_user,1,0,0,0
access_bbbbee_import_spend_wizard_base,bbbbee.import.spend.wizard.base,model_bbbbee_import_spend_wizard,base.group_user,1,1,1,1
access_bbbbee_generate_evidence_pack_wizard_base,bbbbee.generate.evidence.pack.wizard.base,model_bbbbee_generate_evidence_pack_wizard,base.group_user,1,1,1,1
access_bbbbee_recalculate_scorecard_wizard_base,bbbbee.recalculate.scorecard.wizard.base,model_bbbbee_recalculate_scorecard_wizard,base.group_user,1,1,1,1
access_bbbbee_onboarding_wizard_base,bbbbee.onboarding.wizard.base,model_bbbbee_onboarding_wizard,base.group_user,1,1,1,1
access_bbbbee_documentation_wizard_base,bbbbee.documentation.wizard.base,model_bbbbee_documentation_wizard,base.group_user,1,1,1,1
access_bbbbee_dashboard_wizard_base,bbbbee.dashboard.wizard.base,model_bbbbee_dashboard_wizard,base.group_user,1,1,1,1
